entry_id;language_code;german_section;german_chapter;german_subsection;german_clinical_situation;german_recommendation
1;de;Biochemie;2.1 Niere (bezieht sich auf die Messung von U&E, sofern nicht anders angegeben);;Normale Nachsorge;Eine Wiederholung wäre aus klinischen Gründen indiziert wenn sich der Zustand des Patienten signifikant verändert hat und dies auf ein akutes Nierenproblem (oder ein anderes elektrolytbezogenes Problem) hindeutet
2;de;Biochemie;2.1 Niere (bezieht sich auf die Messung von U&E, sofern nicht anders angegeben);;Überwachung eines stabilen stationären Patienten ohne intravenöse Flüssigkeiten;Ein stationärer Patient mit einem Aufnahme-Natrium im Referenzbereich sollte während der durchschnittlichen Aufenthaltsdauer von vier Tagen keine Wiederholung des Natriumwerts erhalten
3;de;Biochemie;2.1 Niere (bezieht sich auf die Messung von U&E, sofern nicht anders angegeben);;Überwachung eines stabilen stationären Patienten mit intravenösen Flüssigkeiten (Erwachsene und Kinder);Tägliche Überwachung von U&E und Glucose
4;de;Biochemie;2.1 Niere (bezieht sich auf die Messung von U&E, sofern nicht anders angegeben);;Bei symptomatischen Patienten oder nach Gabe von hypertonischer Kochsalzlösung;Die Überwachung sollte häufiger erfolgen, d.h. alle zwei bis vier Stunden
5;de;Biochemie;2.1 Niere (bezieht sich auf die Messung von U&E, sofern nicht anders angegeben);;Patient mit diagnostizierter AKI;U&E-Kontrolle bei Aufnahme und innerhalb von 24 Stunden
6;de;Biochemie;2.1 Niere (bezieht sich auf die Messung von U&E, sofern nicht anders angegeben);;Überwachung von ACE-Hemmern;Innerhalb einer Woche nach Beginn und eine Woche nach jeder Dosistitration, dann jährlich (außer häufiger erforderlich aufgrund eingeschränkter Nierenfunktion) Medikamente mit Trimethoprim können ebenfalls zu einem deutlichen Anstieg des Serumkreatinins führen ohne die Nierenfunktion direkt zu beeinträchtigen. Das Serumkreatinin sollte wiederholt werden um ein genaueres Serumkreatinin (und eGFR) zu erhalten 48 Stunden nachdem trimethoprimhaltige Medikamente abgesetzt wurden
7;de;Biochemie;2.1 Niere (bezieht sich auf die Messung von U&E, sofern nicht anders angegeben);;Diuretikatherapie;Vor Therapiebeginn und nach vier Wochen, dann alle sechs Monate/jährlich oder häufiger bei älteren Patienten oder Patienten mit Nierenerkrankungen, Störungen die den Elektrolytstatus beeinflussen oder Patienten die andere Medikamente einnehmen (z.B. Kortikosteroide, Digoxin)
8;de;Biochemie;2.1 Niere (bezieht sich auf die Messung von U&E, sofern nicht anders angegeben);;Überwachung der Kaliumkonzentrationen bei Patienten unter Digoxin;Acht Tage nach Beginn oder Änderung der Digoxin-Therapie und/oder Zugabe/Wegnahme eines interagierenden Medikaments, dann jährlich bei unveränderter Situation
9;de;Biochemie;2.1 Niere (bezieht sich auf die Messung von U&E, sofern nicht anders angegeben);;Überwachung der Kaliumkonzentrationen bei Patienten unter Digoxin und Diuretika;Regelmäßige Überwachung
10;de;Biochemie;2.1 Niere (bezieht sich auf die Messung von U&E, sofern nicht anders angegeben);;Aminosalicylate;Bei älteren Patienten alle drei Monate im ersten Jahr, dann alle sechs Monate für die nächsten vier Jahre, danach jährlich basierend auf persönlichen Risikofaktoren
11;de;Biochemie;2.1 Niere (bezieht sich auf die Messung von U&E, sofern nicht anders angegeben);;Carbamazepin;Sechs Monate
12;de;Biochemie;2.1 Niere (bezieht sich auf die Messung von U&E, sofern nicht anders angegeben);;Antipsychotika;12 Monate
13;de;Biochemie;2.1 Niere (bezieht sich auf die Messung von U&E, sofern nicht anders angegeben);;eGFR-EPI: CKD;Wiederholung in 14 Tagen bei neuen Befunden einer reduzierten GFR und/oder Bestätigung einer eGFR <60 mL/min/1.73 m2 *eGFR nach MDRD nicht gültig bei AKI
14;de;Biochemie;2.1 Niere (bezieht sich auf die Messung von U&E, sofern nicht anders angegeben);;eGFR-EPI: Radiologische Verfahren/Kontrastmittelgabe;eGFR oder Kreatinin innerhalb der letzten sieben Tage bei Patienten mit akuter Erkrankung oder Nierenerkrankung eGFR für Angiographie: <60 mL/min/1.73 m2 sollte lokale Richtlinien für Kontrastmitteldosierung auslösen eGFR für Gadolinium: <30 mL/min/1.73 m2 Hochrisiko-Mittel kontraindiziert eGFR: 30–59 mL/min/1.73 m2 niedrigste mögliche Dosis kann verwendet werden und nicht innerhalb von sieben Tagen wiederholt
15;de;Biochemie;2.1 Niere (bezieht sich auf die Messung von U&E, sofern nicht anders angegeben);;eGFR: Cockcroft-Gault;Zur Schätzung von Chemotherapie- und Medikamentendosierungen. Innerhalb von 24 Stunden außer bei sich schnell ändernden Kreatininkonzentrationen oder Flüssigkeitsbalance
16;de;Biochemie;2.1 Niere (bezieht sich auf die Messung von U&E, sofern nicht anders angegeben);;Iohexol GFR;72 Stunden zur Vermeidung von Kontamination (basierend auf Halbwertszeit von Iohexol von zwei Stunden)
17;de;Biochemie;2.2 Knochen (bezieht sich auf die Messung des Knochenprofils, sofern nicht anders angegeben);;Nicht-akute Situation außer bei anderen klinischen Indikationen;Untersuchung in dreimonatigen Abständen
18;de;Biochemie;2.2 Knochen (bezieht sich auf die Messung des Knochenprofils, sofern nicht anders angegeben);;Akute Situationen;Untersuchung in 48-Stunden-Abständen
19;de;Biochemie;2.2 Knochen (bezieht sich auf die Messung des Knochenprofils, sofern nicht anders angegeben);;Akute Hypo-/Hyperkalzämie, TPN und ITU-Patienten;Kann häufigere Überwachung erfordern
20;de;Biochemie;2.2 Knochen (bezieht sich auf die Messung des Knochenprofils, sofern nicht anders angegeben);;ALP und Gesamtprotein in akuter Situation;Untersuchung in wöchentlichen Abständen. ALP muss möglicherweise häufiger kontrolliert werden, aber wahrscheinlich nur im Kontext akuter cholestatischer Veränderungen. Siehe Leberempfehlungen (Abschnitt 2.3)
21;de;Biochemie;2.2 Knochen (bezieht sich auf die Messung des Knochenprofils, sofern nicht anders angegeben);;Vitamin D-Anfrage: keine klinischen Anzeichen und Symptome;Nicht erneut testen (unabhängig vom Ergebnis da möglicherweise keine Indikation zum ursprünglichen Test bestand)
22;de;Biochemie;2.2 Knochen (bezieht sich auf die Messung des Knochenprofils, sofern nicht anders angegeben);;Vitamin D-Anfrage: Cholecalciferol- oder Ergocalciferol-Therapie für jede klinische Indikation, bei der die Baseline-Vitamin-D-Konzentration ausreichend war;Nicht erneut testen, außer anderweitig klinisch indiziert, z.B. kranker Zöliakie- oder Morbus Crohn-Patient
23;de;Biochemie;2.2 Knochen (bezieht sich auf die Messung des Knochenprofils, sofern nicht anders angegeben);;Vitamin D-Anfrage: Cholecalciferol- oder Ergocalciferol-Therapie für jede klinische Indikation, bei der die Baseline-Vitamin-D-Konzentration niedrig war und eine Grunderkrankung vorliegt die die Absorption negativ beeinflussen könnte;Wiederholung nach drei bis sechs Monaten unter empfohlener Ersatzdosis
24;de;Biochemie;2.2 Knochen (bezieht sich auf die Messung des Knochenprofils, sofern nicht anders angegeben);;Vitamin D-Anfrage: Calcitriol- oder Alphacalcidol-Therapie;Vitamin D nicht messen
25;de;Biochemie;2.2 Knochen (bezieht sich auf die Messung des Knochenprofils, sofern nicht anders angegeben);;Biochemische Untersuchung bei CKD-MBD: CKD Stadien 3–5;Für Stadium 3b progressiv, Knochenprofil alle sechs Monate testen, PTH bei Baseline und 25OHVitD bei Baseline Für Stadium 4, Knochenprofil alle drei Monate testen, PTH alle sechs Monate und 25OHVitD bei Baseline Für Stadium 5, Knochenprofil jeden Monat testen, PTH alle drei Monate und 25OHVitD bei Baseline Für Stadium 5D, Knochenprofil jeden Monat testen, PTH alle drei Monate und 25OHVitD bei Baselinelich Serum-TSH kontrolliert bekommen Ein jährliches fT4 sollte bei allen Patienten mit sekundärer Hypothyreose die auf Thyroxintherapie stabilisiert sind durchgeführt werden
42;de;Biochemie;2.5 Endokrin-bezogen (für schwangerschaftsbezogene Endokrinologie siehe 2.12);;Überwachung subklinischer Hyperthyreose bei Erwachsenen;Falls ein Serum-TSH unter dem Referenzbereich aber >0.1 mU/L gefunden wird, sollte die Messung ein bis zwei Monate später zusammen mit T4 und T3 wiederholt werden nach Ausschluss von nicht-thyreoidalen Erkrankungen und Medikamenteninterferenzen. Dies wird später in den Leitlinien widersprochen wenn die Autoren angeben dass ein drei- bis sechsmonatiges Wiederholungsintervall angemessen ist außer der Patient ist älter oder hat eine zugrundeliegende Gefäßerkrankung Falls keine Behandlung unternommen wird, sollte Serum-TSH langfristig alle sechs bis 12 Monate gemessen werden, mit Nachsorge mit fT4 und fT3 falls das Serum-TSH-Ergebnis niedrig ist
43;de;Biochemie;2.5 Endokrin-bezogen (für schwangerschaftsbezogene Endokrinologie siehe 2.12);;Überwachung subklinischer Hypothyreose bei Erwachsenen;Patienten mit subklinischer Hypothyreose sollten das Muster innerhalb von drei bis sechs Monaten bestätigt bekommen um vorübergehende Ursachen für erhöhtes TSH auszuschließen Personen mit subklinischer Hypothyreose die ATPOab positiv sind sollten TSH und fT4 jährlich kontrolliert bekommen Personen mit subklinischer Hypothyreose die ATPOab negativ sind sollten TSH und fT4 alle drei Jahre kontrolliert bekommen
44;de;Biochemie;2.5 Endokrin-bezogen (für schwangerschaftsbezogene Endokrinologie siehe 2.12);;Nachsorge von Patienten die ein differenziertes (papilläres und follikuläres) Schilddrüsenkarzinom und eine totale Thyreoidektomie und 131I-Ablation hatten;TSH und fT4 sollten gemessen werden während die Levothyroxin-Dosis steigt (alle sechs Wochen) bis das Serum-TSH <0.1 mIU/L ist. Danach sollten sie jährlich gemessen werden außer klinisch indiziert/schwanger Proben für Tg sollten nicht früher als sechs Wochen nach Thyreoidektomie oder 131I-Ablation/Therapie gesammelt werden. TSH, fT4/fT3 (je nachdem was supplementiert wird) und TgAb sollten angefordert werden wenn Tg gemessen wird. Falls TgAb nachweisbar sind, sollte die Messung alle sechs Monate wiederholt werden
45;de;Biochemie;2.5 Endokrin-bezogen (für schwangerschaftsbezogene Endokrinologie siehe 2.12);;Nachsorge von Patienten die ein medulläres Schilddrüsenkarzinom und chirurgische Resektion hatten;Ein Baseline-CEA und nüchtern-Calcitonin sollte vor der Operation genommen werden. Postoperative Proben sollten nicht früher als 15 Tage nach Thyreoidektomie gemessen werden und Plasma-Calcitonin-Konzentrationen sind am aussagekräftigsten sechs Monate nach der Operation Mindestens vier Messungen von Calcitonin über einen zwei- bis dreijährigen Zeitraum können genommen werden um eine genaue Schätzung der Calcitonin-Verdoppelungszeit zu liefern. CEA ist bei etwa 30% der MTC-Patienten erhöht und bei diesen Patienten ist die CEA-Verdoppelungszeit vergleichbar informativ zur Calcitonin-Verdoppelungszeit Calcitonin-Überwachung sollte lebenslang fortgesetzt werden TFTs sollten gemäß Leitlinien für Hypothyreose gemessen werden
46;de;Biochemie;2.5 Endokrin-bezogen (für schwangerschaftsbezogene Endokrinologie siehe 2.12);;Anaplastisches Schilddrüsenkarzinom;Es besteht keine Notwendigkeit für eine Überwachung der Schilddrüsenfunktion außer der Patient ist auf Schilddrüsenersatztherapie, dann gemäß Hypothyreose
47;de;Biochemie;2.5 Endokrin-bezogen (für schwangerschaftsbezogene Endokrinologie siehe 2.12);;Patienten unter Amiodaron;Sollten Schilddrüsenfunktion vor Behandlungsbeginn testen lassen und dann routinemäßig alle sechs Monate danach überwacht werden während der Behandlung und bis zu 12 Monate nach Beendigung der Therapie
48;de;Biochemie;2.5 Endokrin-bezogen (für schwangerschaftsbezogene Endokrinologie siehe 2.12);;Patienten unter Lithium;Schilddrüsenfunktion vor Behandlungsbeginn testen und dann routinemäßig alle sechs bis 12 Monate während der Behandlung überwachen
49;de;Biochemie;2.5 Endokrin-bezogen (für schwangerschaftsbezogene Endokrinologie siehe 2.12);;Progesteron-Testung bei Frauen mit verlängerten unregelmäßigen Menstruationszyklen;Wöchentliche Testung bei Patienten mit unregelmäßigem Zyklus ab Tag 21 bis zur nächsten Menstruation
50;de;Biochemie;2.5 Endokrin-bezogen (für schwangerschaftsbezogene Endokrinologie siehe 2.12);;Diagnose vorzeitiger Ovarialinsuffizienz bei Frauen unter 40 Jahren mit möglichen menopausalen Symptomen;Zwei Tests vier bis sechs Wochen auseinander bei Frauen mit möglicher früher oder vorzeitiger Menopause
51;de;Biochemie;2.5 Endokrin-bezogen (für schwangerschaftsbezogene Endokrinologie siehe 2.12);;Patienten mit vermuteter medikamenteninduzierter Hyperprolaktinämie;Medikament für drei Tage absetzen und Prolaktin erneut messen
52;de;Biochemie;2.5 Endokrin-bezogen (für schwangerschaftsbezogene Endokrinologie siehe 2.12);;Patienten mit Hyperprolaktinämie die Dopaminagonist-Therapie beginnen;Prolaktin-Messung nach einem Monat wiederholen zur Therapiesteuerung53
54;de;Biochemie;2.5 Endokrin-bezogen (für schwangerschaftsbezogene Endokrinologie siehe 2.12);;Diabetes-Diagnose mittels HbA1c bei einem asymptomatischen Patienten (nicht bei Kindern oder jungen Erwachsenen zu verwenden);Die Diagnose sollte nicht auf Basis eines einzelnen abnormalen Plasma-Glucose- oder HbA1c-Werts gestellt werden. Mindestens ein zusätzliches HbA1c- oder Plasma-Glucose-Testergebnis mit einem Wert im diabetischen Bereich ist innerhalb von zwei Wochen nach der ersten Messung erforderlich, entweder nüchtern, aus einer zufälligen (gelegentlichen) Probe oder aus dem OGTT
55;de;Biochemie;2.5 Endokrin-bezogen (für schwangerschaftsbezogene Endokrinologie siehe 2.12);;HbA1c-Überwachung von Patienten mit Typ-2-Diabetes;"Zwei- bis sechsmonatige Intervalle (auf individuelle Bedürfnisse zugeschnitten) bis die Blutzuckerkonzentration bei unveränderter Therapie stabil ist; eine Messung in einem Intervall von weniger als drei Monaten als Indikator für die Richtung der Veränderung verwenden, nicht als neuen stabilen Zustand Sechsmonatige Intervalle sobald die Blutzuckerkonzentration und blutzuckersenkende Therapie stabil sind"
56;de;Biochemie;2.5 Endokrin-bezogen (für schwangerschaftsbezogene Endokrinologie siehe 2.12);;Diagnose männlicher Androgendefizit;Wiederholung der Testosteron-Messung zur Bestätigung der Diagnose empfohlen
57;de;Biochemie;2.5 Endokrin-bezogen (für schwangerschaftsbezogene Endokrinologie siehe 2.12);;Überwachung männlicher Patienten mit Androgendefizit unter Ersatztherapie;Testosteron-Wert drei bis sechs Monate nach Beginn der Testosteron-Therapie messen Testosteron alle drei bis vier Monate im ersten Jahr messen Messung von PSA. Bitte siehe B-TM7
58;de;Biochemie;2.5 Endokrin-bezogen (für schwangerschaftsbezogene Endokrinologie siehe 2.12);;Weiblicher Androgenüberschuss;Falls Testosteron-Messung durch eine Immunoassay-Methode erhöht gefunden wurde, Messung mit einer LCMS-Methode bestätigen Danach sollte die Messung jährlich wiederholt werden
59;de;Biochemie;2.5 Endokrin-bezogen (für schwangerschaftsbezogene Endokrinologie siehe 2.12);;Östradiol;Keine Evidenz, Leitlinie oder Konsens existiert für Wiederholungsfrequenz Für Patienten die IVF durchlaufen können Proben täglich genommen werden Für Patienten die Implantat-Behandlung (HRT) erhalten wird ein Prä-Implantat-Wert kontrolliert um Tachyphylaxie zu vermeiden. Frequenz hängt von Implantat-Frequenz ab Für Patienten die Implantat-Behandlung erhalten wird ein Prä-Implantat-Wert kontrolliert um Tachyphylaxie zu vermeiden
60;de;Biochemie;2.5 Endokrin-bezogen (für schwangerschaftsbezogene Endokrinologie siehe 2.12);;Wachstumshormonmangel;IGF-1 ist der nützlichste Marker für die Überwachung und sollte mindestens jährlich gemessen werden. Die Bewertung sollte nicht früher als sechs Wochen nach einer Dosisänderung durchgeführt werden
61;de;Biochemie;2.5 Endokrin-bezogen (für schwangerschaftsbezogene Endokrinologie siehe 2.12);;Akromegalie: nach Operation Akromegalie: medizinische Therapie Akromegalie: medizinische Therapie mit GH-Rezeptor-Antagonisten Akromegalie: nach Strahlentherapie;Sowohl GH als auch IGF-1 nach drei Monaten messen. Falls normal, dann bei jährlicher Nachsorge Sowohl GH als auch IGF-1 nach drei Monaten messen. Falls normal, dann bei jährlicher Nachsorge Nur IGF-1 in sechsmonatigen Abständen nach Dosistitration messen. Monatliche Überwachung der LFTs für die ersten sechs Monate Messung von GH und IGF-1 jährlich
62;de;Biochemie;2.6 Kardial;;Troponin verwenden: allgemein Troponin verwenden: ACS Troponin verwenden: Herzchirurgie Troponin verwenden: Nierenversagen;MRI weitgehend abhängig vom verwendeten Hersteller-Assay und dem klinischen Szenario. MRI sollte gemäß dem verwendeten lokalen Protokoll implementiert werden Algorithmen die mit hochsensitiven Troponin-Assays entwickelt wurden erfordern üblicherweise mehrere Proben. Eine zweite Probe ist ein bis zwei Stunden nach Vorstellung erforderlich. Die Sensitivität für Myokardinfarkt ist fast 100% Für Standard-Troponin-Assays: falls die erste Blutprobe für Troponin nicht erhöht ist, sollte eine zweite Probe nach sechs bis neun Stunden gewonnen werden. Manchmal ist eine dritte Probe nach 12–24 Stunden erforderlich Einzelmessung 24 Stunden nach Operation gibt beste Korrelation mit Ergebnis. Serielle Proben gerechtfertigt falls sich der klinische Zustand verschlechtert und/oder neue EKG-Veränderungen zur ACS-Bewertung Troponin-Konzentrationen sind üblicherweise bei CKD-Patienten erhöht (besonders bei hochsensitiven Assays). Serielle Proben werden bei vermutetem ACS wie oben erforderlich sein
63;de;Biochemie;2.6 Kardial;;BNP (NT-ProBNP) verwenden: Primärversorgung (Herzinsuffizienz-Triage) Sekundärversorgung (akute Insuffizienz) Therapeutische Führung bei Herzinsuffizienz;Sollte nur einmal gemessen werden außer es gibt eine wiederholte Episode von vermuteter Herzinsuffizienz mit einer Änderung in der klinischen Präsentation und die Diagnose Herzinsuffizienz wurde zuvor ausgeschlossen. Einzelzeitpunkt-Verwendung ausreichend für NICE-Leitlinien-Zwecke Bei Personen die sich mit neuer vermuteter akuter Herzinsuffizienz vorstellen, eine einzelne Messung von Serum-natriuretischen Peptiden (BNP oder NT-ProBNP) verwenden NT-ProBNP-Messung als Teil eines Behandlungsoptimierungsprotokolls nur in spezialisierter Versorgungsumgebung für Personen unter 75 Jahren mit Herzinsuffizienz mit reduzierter Ejektionsfraktion und einer eGFR über 60 ml/min/1.73 m2 erwägenederholungsmessung von Vitamin B12 und Folat ist bei Patienten mit Vitamin B12- und Folatmangel unnötig Jedoch kann Vitamin B12 ein bis zwei Monate nach Behandlungsbeginn gemessen werden falls keine Antwort vorliegt FBC und Retikulozytenzahl zehn Tage nach Behandlung auf Antwort kontrollieren. Sobald Hb normalisiert ist
74;de;Biochemie;2.8 Spezifische Proteine;;Paraproteine;Testung in dreimonatigen Abständen anfänglich
75;de;Biochemie;2.8 Spezifische Proteine;;Patienten ohne Merkmale einer Plasmazell-Dyskrasie (z.B. Anämie, Knochenfraktur oder knochenlokalisierte Schmerzen, Suppression anderer Immunglobulin-Klassen, Nierenbeeinträchtigung) und einer Bande von <15 g/L;Jährliche Serum-Protein-Elektrophorese und Quantifizierung durch Densitometrie ohne Bedarf für weitere Immunfixation wird empfohlen
76;de;Biochemie;2.8 Spezifische Proteine;;Monoklonale Gammopathie unbestimmter Bedeutung;Test in drei- bis viermonatigen Abständen innerhalb des ersten Jahres der Identifikation. Dann sechs bis 12 monatlich solange keine Progressionssymptome
77;de;Biochemie;2.8 Spezifische Proteine;;Immunglobuline;Patienten unter Immunglobulin-Ersatztherapie müssen Talspiegel-IgG-Konzentrationen und Leberfunktionstests mindestens vierteljährlich durchgeführt bekommen
78;de;Biochemie;2.8 Spezifische Proteine;;Immunglobuline;Für andere Zwecke wird Testung in einem Mindestintervall von sechs Monaten empfohlen
79;de;Biochemie;2.8 Spezifische Proteine;;Myelom-Patienten unter aktiver Behandlung;Lokale Leitlinien und Behandlungsregime sollten befolgt werden beim Anfordern von Paraprotein-Konzentrationen für Patienten unter aktiver Behandlung
80;de;Biochemie;2.8 Spezifische Proteine;;CRP;Sollte nicht innerhalb eines 24-Stunden-Zeitraums nach einer ersten Anfrage erneut getestet werden mit Ausnahme pädiatrischer Anfragen
81;de;Biochemie;2.8 Spezifische Proteine;;Procalcitonin;24 Stunden
82;de;Biochemie;2.9 Tumormarker;;α-Fetoprotein für HCC-Überwachung: Screening von Patienten mit hohem HCC-Risiko;Sechs Monate (UK)
83;de;Biochemie;2.9 Tumormarker;;α-Fetoprotein zur Überwachung von Krankheitsrezidiv bei HCC;Drei bis sechs Monate
84;de;Biochemie;2.9 Tumormarker;;Screening von Frauen mit Familiengeschichte von Eierstockkrebs mit CA125;12 Monate
85;de;Biochemie;2.9 Tumormarker;;CA125 in diagnostischen Strategien verwenden;CA125-Nachtestung wenn Bildgebung negativ ist innerhalb eines Monats
86;de;Biochemie;2.9 Tumormarker;;CA125-Überwachung bei Krankheitsrezidiv;Ein Monat
87;de;Biochemie;2.9 Tumormarker;;Überwachung von Krankheitsrezidiv mit CA19.9;Ein Monat
88;de;Biochemie;2.9 Tumormarker;;PSA-Screening;Wenn erstes Ergebnis erhöht ist, einmal in den folgenden 6 Wochen wiederholen um den Trend zu bewerten
89;de;Biochemie;2.9 Tumormarker;;Krankheitsüberwachung mit PSA;Alle drei Monate für die ersten ein bis zwei Jahre Alle sechs Monate für zwei Jahre Jährlich danach
90;de;Biochemie;2.9 Tumormarker;;Überwachung von Krankheitsrezidiv mit CA15.3;Zwei Monate
91;de;Biochemie;2.9 Tumormarker;;Serum β-hCG (Tumormarker);Nach Ausräumung einer Blasenmole sollte die hCG-Konzentration jede Woche überwacht werden bis zur Normalisierung dann jeden Monat während des ersten Jahres
92;de;Biochemie;2.9 Tumormarker;;Serum β-hCG (Tumormarker);Nach Resektion ist verlängerte Marker-Halbwertszeit (>3 Tage für hCG) ein zuverlässiger Indikator für Resttumor und ein signifikanter Prädiktor für Überleben
93;de;Biochemie;2.9 Tumormarker;;Serum β-hCG (Tumormarker);Falls sich die Änderungsrate der Tumormarker-Konzentration in der Geschwindigkeit ändert, ist eine dringende Wiederholung zur Bestätigung des Ergebnisses angemessen
94;de;Biochemie;2.10 Therapeutisches Medikamentenmonitoring;;Antikonvulsiva (Carbamazepin, Phenytoin);Fünf Halbwertszeiten nach Dosisänderung (vier bis fünf Tage) während anfänglicher Dosisoptimierung, außer Toxizität wird vermutet. Die Kinetik von Phenytoin ist zwischen Individuen sehr variabel und wenn der Metabolismus gesättigt ist, führt eine kleine Dosisänderung zu einem unverhältnismäßigen Anstieg der Plasmakonzentration. Es besteht ein signifikantes Überdosierungsrisiko und daher bei Dosistitration bis zu alle 12 Stunden kontrollieren abhängig vom klinischen Zustand und der Therapie. Dies wird bei IV-Therapie für Status epilepticus häufiger sein. Hinweis: Carbamazepin induziert seinen eigenen Metabolismus und Konzentrationen sollten zwei bis drei Monate nach Therapiebeginn bestätigt werden
95;de;Biochemie;2.10 Therapeutisches Medikamentenmonitoring;;Digoxin;Fünf Halbwertszeiten nach Dosisänderung (d.h. etwa sieben Tage) während anfänglicher Dosisoptimierung, außer Toxizität wird vermutet. Wenn sich die Nierenfunktion signifikant geändert hat, die proportionale Abnahme der Clearance erkennen. In Überdosierungssituationen bis zu alle vier Stunden abhängig vom klinischen Zustand und der Therapie
96;de;Biochemie;2.10 Therapeutisches Medikamentenmonitoring;;Aminoglykosid-Antibiotika (Gentamicin, Tobramycin);Alle 24 Stunden zu Therapiebeginn bei hochdosierten parenteralen Regimen, weniger häufig wenn stabil. Besonders wichtig bei älteren Patienten, Patienten mit eingeschränkter Nierenfunktion und denen mit zystischer Fibrose. Dies gilt nur für einmal tägliche Dosierung. Falls Patient mehrere Dosen pro Tag erhält, lokale Leitlinien konsultieren97
98;de;Biochemie;2.10 Therapeutisches Medikamentenmonitoring;;Theophyllin;Fünf Halbwertszeiten nach Dosisänderung (d.h. etwa zwei Tage) während anfänglicher Dosisoptimierung bei oralen Regimen. Hinweis: Rauchen reduziert die Halbwertszeit signifikant. Täglich bei IV-Aminophyllin. In Überdosierungssituationen die Hämodialyse erfordern, alle vier Stunden
99;de;Biochemie;2.10 Therapeutisches Medikamentenmonitoring;;Methotrexat (hochdosiert IV);24 Stunden nach Therapieabschluss dann alle 24 Stunden bis Plasma-Methotrexat unter Cut-off-Konzentration für Toxizität ist (1 mol/L nach 48 Stunden oder gemäß lokalem Protokoll)
100;de;Biochemie;2.10 Therapeutisches Medikamentenmonitoring;;Lithium;Tag vier bis sieben der Behandlung dann jede Woche bis die Dosierung vier Wochen konstant geblieben ist, dann alle drei Monate bei stabilisierten Regimen. Konzentration kontrollieren wenn Präparat geändert wird, wenn sich Flüssigkeitsaufnahme ändert oder wenn interagierende Medikamente zugegeben/abgesetzt werden. 100% renale Clearance, daher abhängig von Nierenfunktion. Bis zu alle vier Stunden in Überdosierungssituationen die intensive Therapie erfordern
101;de;Biochemie;2.10 Therapeutisches Medikamentenmonitoring;;Clozapin;Induziert seinen eigenen Metabolismus und wird durch Rauchen weiter induziert. Etwa vier Tage um neuen Steady-State nach Dosisänderung oder Rauchstopp zu erreichen mit potentiell tödlichen Konsequenzen aufgrund des schnellen Anstiegs zu toxischen Konzentrationen
102;de;Biochemie;2.11 Arbeitsmedizin/Toxikologie;;Berufliche Bleiexposition (chronisch);Anfängliche Blutblei-Konzentration vor Arbeitsbeginn oder innerhalb von 14 Tagen nach Beginn Blutblei-Konzentrationsüberwachung mindestens alle 12 Monate durchgeführt außer signifikanter Exposition gegenüber metallischem Blei und seinen Verbindungen, in diesem Fall sollte Blutblei alle drei Monate gemessen werden Falls Blutblei-Konzentration ≥30 μg/dL bei erwachsenen Männern (≥20 μg/dL bei Frauen im gebärfähigen Alter), mindestens alle sechs Monate überwachen Falls Blutblei-Konzentration ≥40 μg/dL bei erwachsenen Männern (≥25 μg/dL bei Frauen im gebärfähigen Alter), mindestens alle drei Monate überwachen Falls Blutblei-Konzentration ≥60 μg/dL bei erwachsenen Männern (≥30 μg/dL bei Frauen im gebärfähigen Alter), Wiederholungsmessung von Blutblei innerhalb von zwei Wochen
103;de;Biochemie;2.11 Arbeitsmedizin/Toxikologie;;Akute Bleivergiftung bei Erwachsenen;Falls Baseline-Blutblei-Konzentration <50 μg/dL ist und der Patient asymptomatisch und nicht schwanger ist, Blutblei-Konzentration nach zwei Wochen nach Entfernung von der Exposition wiederholen Falls Baseline-Blutblei-Konzentration ≥50 μg/dL ist, Blutblei-Konzentrationen täglich während Chelat-Therapie überwachen und 24-Stunden-Urin-Blei-Ausscheidung messen um bei der Entscheidung über Behandlungsdauer zu helfen. Blutblei-Messung eine Woche nach Ende der Chelat-Behandlung wiederholen
104;de;Biochemie;2.11 Arbeitsmedizin/Toxikologie;;Akute Bleivergiftung bei Kindern;Falls Baseline-Blutblei-Konzentration 10–50 μg/dL ist, Blutblei-Messung einen Monat nach Entfernung von der Exposition wiederholen Falls Baseline-Blutblei-Konzentration >50 μg/dL ist, Blutblei täglich während Chelat-Therapie überwachen und 24-Stunden-Urin-Blei-Ausscheidung messen um bei der Entscheidung über Therapiedauer zu helfen. Blutblei-Messung eine Woche nach Behandlungsende wiederholen
105;de;Biochemie;2.11 Arbeitsmedizin/Toxikologie;;Amphetamin-Toxizität;Nachtestung ist in derselben akuten Episode nicht indiziert
106;de;Biochemie;2.11 Arbeitsmedizin/Toxikologie;;Benzodiazepin-Toxizität;Nachtestung ist in derselben akuten Episode nicht indiziert
107;de;Biochemie;2.11 Arbeitsmedizin/Toxikologie;;Kokain-Toxizität;Nachtestung ist in derselben akuten Episode nicht indiziert
108;de;Biochemie;2.11 Arbeitsmedizin/Toxikologie;;Opiat-Toxizität einschließlich Morphin, Codein und Heroin;Nachtestung ist in derselben akuten Episode nicht indiziert
109;de;Biochemie;2.11 Arbeitsmedizin/Toxikologie;;Opioid-Toxizität einschließlich Methadon;Nachtestung ist in derselben akuten Episode nicht indiziert
110;de;Biochemie;2.12 Schwangerschaftsbezogen;;Urin β-hCG (Schwangerschaft);Urin-Schwangerschaftstest kann drei Tage nach negativem Ergebnis oder etwa 28 Tage nach Periodenbeginn wiederholt werden
111;de;Biochemie;2.12 Schwangerschaftsbezogen;;Serum β-hCG (Schwangerschaft);Serum β-hCG-Test: nicht wiederholen falls positiv. Nach drei Tagen wiederholen falls negativ und keine Menstruation aufgetreten ist
112;de;Biochemie;2.12 Schwangerschaftsbezogen;;Serum β-hCG (Eileiterschwangerschaft);48-Stunden-Wiederholungsintervall
113;de;Biochemie;2.12 Schwangerschaftsbezogen;;Serum β-hCG (Tumormarker);Nach Ausräumung einer Blasenmole sollte die β-hCG-Konzentration jede Woche überwacht werden bis zur Normalisierung und dann jeden Monat während des ersten Jahresper-positiv sind sollten während der Schwangerschaft überwacht werden. Serum fT4 und TSH sollten alle vier Wochen bis zur 16–20. Schwangerschaftswoche und mindestens einmal zwischen 26 und 32 Wochen gemessen werden)
122;de;Biochemie;2.12 Schwangerschaftsbezogen;;Frauen mit Diabetes die schwanger werden möchten;Monatliche Messung von HbA1C
123;de;Biochemie;2.12 Schwangerschaftsbezogen;;Bewertung der glykämischen Kontrolle mittels HbA1c in der Schwangerschaft;HbA1C sollte nicht routinemäßig zur Bewertung der glykämischen Kontrolle im zweiten und dritten Trimester der Schwangerschaft verwendet werden jedoch HbA1C-Messung für Frauen mit vorbestehendem Diabetes erwägen um Schwangerschaftsrisiko zu bewerten
124;de;Biochemie;2.12 Schwangerschaftsbezogen;;Für das Management von Hyponatriämie unter der Geburt und in der unmittelbaren postpartalen Periode benötigen Frauen Natrium-Überwachung falls sie: • unter Oxytocin-Infusion stehen (einschließlich Geburtseinleitung und -verstärkung, Behandlung postpartaler Blutung) • unter der Geburt stehen und IV-Insulin und Dextrose benötigen • ein Blutnatrium unter 130 mmol/L aus irgendeinem Grund haben • eine positive Flüssigkeitsbilanz von mehr als 1.500 ml haben;Bezieht sich auf Natriummessung Frauen unter Insulin-Infusionen: MRI ist 4 Stunden Während der Geburt: Natrium >129 mmol/L MRI ist 8 Stunden Natrium 129–125 mmol/L MRI ist 4 Stunden Natrium <125 mmol/L MRI ist 2 Stunden Entbindung oder Abschluss der Oxytocin-Infusion: Natrium >129 mmol/L Nachtestung nicht erforderlich Natrium 129–125 mmol/L UND asymptomatisch MRI ist 4 Stunden Natrium <125 mmol/L ODER symptomatisch <130 mmol/L MRI ist 2 Stunden
125;de;Biochemie;2.12 Schwangerschaftsbezogen;;Frauen mit Typ-1-Diabetes haben ein dreifach erhöhtes Risiko für postpartale Schilddrüsendysfunktion;Serum TSH, fT4 und Schilddrüsenperoxidase-Antikörper-Status sollten präkonzeptionell, bei Anmeldung während Schwangerschaft und drei Monate postpartal bestimmt werden
126;de;Biochemie;2.13 Pädiatrisch-bezogen;;HbA1C-Überwachung bei Kindern und Jugendlichen mit Typ-1-Diabetes;Zwei Monate
127;de;Biochemie;2.13 Pädiatrisch-bezogen;;Zöliakie-Serologie bei bekannten pädiatrischen Patienten in der Nachsorge;Testung alle sechs Monate bei Kindern
129;de;Hämatologie;3.1 Hämatologie allgemein;FBC;Normale Nachsorge;Eine Wiederholung wäre aus klinischen Gründen indiziert falls sich der Zustand des Patienten signifikant verändert hat
130;de;Hämatologie;3.1 Hämatologie allgemein;FBC;Überwachung eines stabilen stationären Patienten;Ein stationärer Patient mit normalem Aufnahme-FBC sollte keine Wiederholung innerhalb der durchschnittlichen Aufenthaltsdauer von vier Tagen erhalten
131;de;Hämatologie;3.1 Hämatologie allgemein;FBC;Überwachung eines instabilen stationären Patienten der nicht aktiv blutet oder eines Patienten unter zytotoxischen Medikamenten;Normalerweise nicht häufiger als einmal täglich erforderlich
132;de;Hämatologie;3.1 Hämatologie allgemein;FBC;Patienten mit schwerer Blutung;Wiederholungsintervall sollte durch die klinische Situation bestimmt werden. Sollte mindestens stündlich bei massiver Blutung wiederholt werden
133;de;Hämatologie;3.1 Hämatologie allgemein;FBC;Schwangere unter hämatinischen Supplementen (Eisen, Folat, B12);Wiederholung nach mindestens 14 Tagen
134;de;Hämatologie;3.1 Hämatologie allgemein;FBC;Routine Schwangerschaftsüberwachung;Bei Anmeldung, 28 Wochen und postpartal
135;de;Hämatologie;3.1 Hämatologie allgemein;FBC;Hypertensive Schwangerschaftserkrankungen* *FBC in Kombination mit Nieren- und Leberfunktion;Nur einmal bei moderater pränataler Gestationshypertonie (<160/110) ohne Proteinurie. Wöchentlich bei schwerer Gestationshypertonie. Zweimal wöchentlich bei milder pränataler Hypertonie mit Präeklampsie, dreimal wöchentlich bei moderat bis schwer. Nach klinischer Indikation in peripartaler Periode (kann mehrere Wiederholungen über 24 Stunden erfordern) und dann 48 Stunden nach Entbindung/Herabstufung von Intensivversorgung wiederholen und Überwachung bei normalen Werten beenden
136;de;Hämatologie;3.1 Hämatologie allgemein;FBC;Stationäre Patienten mit vermuteten Thrombozyten-Alloantikörpern oder unter HLA-angepassten Thrombozyten;Wiederholung eine Stunde nach Abschluss der Thrombozytentransfusion
137;de;Hämatologie;3.1 Hämatologie allgemein;FBC;Patienten mit Anämie bei chronischer Nierenerkrankung;Alle zwei bis vier Wochen in der Induktionsphase der ESA-Therapie und alle ein bis drei Monate in der Erhaltungsphase der ESA-Therapie
139;de;Hämatologie;3.1 Hämatologie allgemein;ESR;Temporale Arteritis/Polymyalgia rheumatica;Alle drei Monate nach dem ersten Behandlungsmonat
140;de;Hämatologie;3.1 Hämatologie allgemein;ESR;Rheumatoide Arthritis;Jeden Monat bis die Behandlung die Krankheit kontrolliert hat (NICE CG79 empfiehlt Verwendung von CRP)
141;de;Hämatologie;3.2 Hämatologie Gerinnung;;Patienten mit schwerer Blutung;Wiederholungsintervall sollte durch die klinische Situation bestimmt werden und das Gerinnungsscreening muss Fibrinogen einschließen. Sollte mindestens stündlich bei massiver Blutung wiederholt werden
142;de;Hämatologie;3.2 Hämatologie Gerinnung;;Patienten mit akuter Koagulopathie;Normalerweise nicht häufiger als einmal täglich falls keine Gerinnungsfaktoren erhalten werden und keine aktive Blutung vorliegt
144;de;Hämatologie;3.2 Hämatologie Gerinnung;PT;Patienten mit chronischer Lebererkrankung;Alle drei Monate falls ansonsten stabil146
147;de;Hämatologie;3.2 Hämatologie Gerinnung;INR;Instabiler stationärer Patient unter VKA;Nicht häufiger als einmal täglich
148;de;Hämatologie;3.2 Hämatologie Gerinnung;INR;Stabiler ambulanter Patient unter VKA;Normalerweise nicht häufiger als einmal wöchentlich und bis zu 12 Wochen bei sehr stabiler Situation
149;de;Hämatologie;3.2 Hämatologie Gerinnung;INR;Patient der dringende VKA-Umkehr benötigt (oder zur Behandlung erworbener Vitamin-K-abhängiger Gerinnungsfaktorenmangel) mit Vitamin K;Wiederholung nur nach mindestens sechs Stunden nach IV-Dosis und am folgenden Tag nach oraler Dosis
150;de;Hämatologie;3.2 Hämatologie Gerinnung;INR;Patient der dringende VKA-Umkehr mit einem Vier-Faktor-PCC benötigt;Wiederholung innerhalb einer Stunde nach Verabreichung
152;de;Hämatologie;3.2 Hämatologie Gerinnung;APTT;Patient unter intravenöser Infusion von unfraktioniertem Heparin;Wiederholung 6 Stunden nach Dosisanpassung (2 Stunden falls vorherige APTT-Ratio >5.0) und täglich wenn APTT im Zielbereich
153;de;Hämatologie;3.2 Hämatologie Gerinnung;APTT;Patienten unter intravenöser Infusion eines parenteralen direkten Thrombininhibitors (Bivalirudin, Argatroban);Wiederholung zwei Stunden nach jeder Dosisanpassung dann täglich wenn im Zielbereich
155;de;Hämatologie;3.2 Hämatologie Gerinnung;Clauss-Fibrinogen-Assay;Patienten mit akuter Koagulopathie;Normalerweise nicht häufiger als täglich falls keine Gerinnungsfaktoren erhalten werden und keine aktive Blutung vorliegt
156;de;Hämatologie;3.2 Hämatologie Gerinnung;Clauss-Fibrinogen-Assay;Patienten mit schwerer Blutung;Wiederholungsintervall sollte durch die klinische Situation bestimmt werden. Sollte mindestens stündlich bei massiver Blutung wiederholt werden
158;de;Hämatologie;3.2 Hämatologie Gerinnung;Anti-Xa-Assay;Patient unter therapeutischer LMWH-Dosis mit signifikanter Nierenbeeinträchtigung, extremem Gewicht, Schwangerschaft oder anderer Messindikation;Mindestens drei Tage nach Beginn oder Dosisanpassung, dann nicht häufiger als einmal wöchentlich falls die Dosis unverändert ist
160;de;Hämatologie;3.2 Hämatologie Gerinnung;LA-Screening;Untersuchung bei vermutetem Antiphospholipid-Syndrom;Wiederholung nach 12 Wochen falls abnormal
161;de;Hämatologie;3.2 Hämatologie Gerinnung;LA-Screening;Untersuchung auf Antiphospholipid-Syndrom nach Abschluss der Antikoagulation;Mindestens sieben Tage nach Beendigung der Antikoagulation
163;de;Hämatologie;3.2 Hämatologie Gerinnung;CFA;Ein Patient unter Untersuchung wegen vermuteten Gerinnungsfaktorenmangels;Ein abnormales Ergebnis kann zur Bestätigung in einem klinisch angemessenen Intervall wiederholt werden
164;de;Hämatologie;3.2 Hämatologie Gerinnung;CFA;Ein Patient unter Gerinnungsfaktor-Ersatztherapie;Ein Assay unmittelbar vor und bis zu 60 Minuten nach Verabreichung und dann nach klinischer Indikation, normalerweise nicht häufiger als einmal täglich (entweder Talspiegel, Spitzenspiegel oder beide)
166;de;Hämatologie;3.2 Hämatologie Gerinnung;Gerinnungsfaktor-Inhibitor-Testung;Überwachung bei Patienten mit schwerer Hämophilie A oder B;Nach jeder dritten Faktor-ED oder alle drei Monate (je nachdem was früher ist) bis 20 ED, dann alle drei bis sechs Monate bis 150 ED (dann ein- bis zweimal pro Jahr nur bei schwerer Hämophilie A)
167;de;Hämatologie;3.2 Hämatologie Gerinnung;Gerinnungsfaktor-Inhibitor-Testung;Überwachung nach Wechsel des Faktorkonzentrats bei schwerer Hämophilie A;Vor dem Wechsel und dann zweimal in den ersten sechs Monaten nach dem Wechsel
168;de;Hämatologie;3.2 Hämatologie Gerinnung;Gerinnungsfaktor-Inhibitor-Testung;Überwachung bei Patienten mit moderater oder milder Hämophilie A;Jährlich falls Faktorkonzentrat exponiert oder nach intensiver Exposition (>5 ED) oder Operation
169;de;Hämatologie;3.2 Hämatologie Gerinnung;Gerinnungsfaktor-Inhibitor-Testung;Überwachung der ITT während Behandlung;Monatlich
170;de;Hämatologie;3.2 Hämatologie Gerinnung;Gerinnungsfaktor-Inhibitor-Testung;Nach Abschluss erfolgreicher ITT;Monatlich für sechs Monate dann alle zwei Monate für bis zu ein Jahr
171;de;Hämatologie;3.2 Hämatologie Gerinnung;Gerinnungsfaktor-Inhibitor-Testung;Überwachung von Patienten mit neu diagnostiziertem erworbenem Gerinnungsfaktor-Inhibitor;Monatlich bis sechs Monate nach Remission
173;de;Hämatologie;3.3 Hämatologie Transfusion (allgemein und Screening-Gruppe in PBLC);Blutgruppe und Antikörper-Screening;Ein Erstpatient vor Transfusion;Eine zweite Probe sollte vor Transfusion angefordert werden183
184;de;Immunologie;4 Immunologie-Empfehlungen;;Acetylcholin-Rezeptor-Antikörper;Häufigkeit durch klinischen Kontext bestimmt. Alle sechs Monate während der Behandlung
185;de;Immunologie;4 Immunologie-Empfehlungen;;Nebennierenrinden-Antikörper;Wiederholte Testung von begrenztem Wert. Häufigkeit durch klinischen Kontext zu bestimmen
186;de;Immunologie;4 Immunologie-Empfehlungen;;aPL-Antikörper;Sobald Diagnose mit BCSH-Leitlinien bestätigt ist, ist wiederholte Testung von begrenztem Wert
187;de;Immunologie;4 Immunologie-Empfehlungen;;Alpha-1-Antitrypsin-Genotyp;Nicht routinemäßig erforderlich
188;de;Immunologie;4 Immunologie-Empfehlungen;;AMPA-Rezeptor-Antikörper;Wiederholte Testung von begrenztem Wert. Häufigkeit durch klinischen Kontext zu bestimmen
189;de;Immunologie;4 Immunologie-Empfehlungen;;Anti-nukleärer Antikörper (HEP2);Sobald Diagnose etabliert ist, ist wiederholte Testung von begrenztem Wert
190;de;Immunologie;4 Immunologie-Empfehlungen;;Aquaporin-4-Antikörper (NMO) CSF;Wiederholte Testung geleitet durch klinischen Kontext und Diskussion mit spezialisiertem Labordienst der den Assay anbietet
191;de;Immunologie;4 Immunologie-Empfehlungen;;Aquaporin-4-Antikörper (NMO) Serum;Wiederholte Testung geleitet durch klinischen Kontext und Diskussion mit spezialisiertem Labordienst der den Assay anbietet
192;de;Immunologie;4 Immunologie-Empfehlungen;;Basalganglien-Antikörper;Wiederholte Testung von begrenztem Wert. Häufigkeit durch klinischen Kontext zu bestimmen
193;de;Immunologie;4 Immunologie-Empfehlungen;;Beta-2-Mikroglobulin;Wiederholte Testung von begrenztem Wert. Häufigkeit durch klinischen Kontext zu bestimmen
194;de;Immunologie;4 Immunologie-Empfehlungen;;Beta-2-Glykoprotein-I-Antikörper;Sobald Diagnose mit BCSH-Leitlinien bestätigt ist, ist wiederholte Testung von begrenztem Wert
195;de;Immunologie;4 Immunologie-Empfehlungen;;C3/4;90 Tage (frühere Testfrequenz möglicherweise in Ausnahmefällen erforderlich)
196;de;Immunologie;4 Immunologie-Empfehlungen;;C3-nephritischer Faktor;Nicht routinemäßig erforderlich falls positiv. Nur erlaubt falls C3 unter Referenzbereich
197;de;Immunologie;4 Immunologie-Empfehlungen;;Herzmuskel-Antikörper;Nicht routinemäßig erforderlich
198;de;Immunologie;4 Immunologie-Empfehlungen;;Cardiolipin-Antikörper;Sobald Diagnose mit BCSH-Leitlinien bestätigt ist, ist wiederholte Testung von begrenztem Wert
199;de;Immunologie;4 Immunologie-Empfehlungen;;CCP;Wiederholte Testung nach Diagnosebestätigung ist von begrenztem Wert
200;de;Immunologie;4 Immunologie-Empfehlungen;;CD62-Ligand-Shedding;Mit Labor besprechen
201;de;Immunologie;4 Immunologie-Empfehlungen;;Komplement C1q;Wiederholte Testung von begrenztem Wert. Häufigkeit durch klinischen Kontext zu bestimmen
202;de;Immunologie;4 Immunologie-Empfehlungen;;Komplement-1-Inhibitor immunochemisch;"Nur einmal zur Bestätigung; wiederholte Testung begrenzt auf Ausnahmefälle Allgemein nur durchgeführt falls C4 niedrig ist oder mit kompatiblen klinischen Informationen"
203;de;Immunologie;4 Immunologie-Empfehlungen;;Komplement AP100;Nur einmal zur Bestätigung Nur mit kompatiblen klinischen Informationen erlaubt
204;de;Immunologie;4 Immunologie-Empfehlungen;;Komplement C2;Nur einmal zur Bestätigung Nur mit kompatiblen klinischen Informationen erlaubt
205;de;Immunologie;4 Immunologie-Empfehlungen;;Komplement CH100;Nur einmal zur Bestätigung Nur mit kompatiblen klinischen Informationen erlaubt
206;de;Immunologie;4 Immunologie-Empfehlungen;;Komplement-Faktor B;Nur einmal zur Bestätigung Nur mit kompatiblen klinischen Informationen erlaubt
207;de;Immunologie;4 Immunologie-Empfehlungen;;Komplement-Faktor H;Nur mit kompatiblen klinischen Informationen erlaubt
208;de;Immunologie;4 Immunologie-Empfehlungen;;CSF oligoklonal;Wiederholte Testung von begrenztem Wert. Häufigkeit durch klinischen Kontext zu bestimmen
209;de;Immunologie;4 Immunologie-Empfehlungen;;Kryoglobulin-Screening;Nach anfänglicher Bestätigung von Kryoglobulin, was möglicherweise mehr als einmaliges Testen erfordert, wiederholte Testung von begrenztem Wert. Häufigkeit durch klinischen Kontext zu bestimmen
210;de;Immunologie;4 Immunologie-Empfehlungen;;Kryoglobulin-Typ;Wiederholte Testung von begrenztem Wert. Häufigkeit durch klinischen Kontext zu bestimmen
211;de;Immunologie;4 Immunologie-Empfehlungen;;dsDNA-Ab ELISA;Alle drei bis sechs Monate während der Behandlung
212;de;Immunologie;4 Immunologie-Empfehlungen;;Endomysium-Antikörper (IgA);Nicht routinemäßig erforderlich Nur zur Bestätigung von tTG-Positiven
213;de;Immunologie;4 Immunologie-Empfehlungen;;Endomysium-Antikörper (IgG);Nur für Patienten mit komplettem IgA-Mangel und Bestätigung von positivem tTG IgG Angeben dass dieser Test nicht unternommen werden sollte und auf relevante NICE-Leitlinien verweisen
214;de;Immunologie;4 Immunologie-Empfehlungen;;ENA RNP, Sm, Ro, La, Scl, Jo1 und Zentromer;Wiederholte Testung von begrenztem Wert. Häufigkeit durch klinischen Kontext zu bestimmen
215;de;Immunologie;4 Immunologie-Empfehlungen;;GABA-Rezeptor-Antikörper;Wiederholte Testung von begrenztem Wert. Häufigkeit durch klinischen Kontext zu bestimmen216
217;de;Immunologie;4 Immunologie-Empfehlungen;;Gangliosid-GD1b-Antikörper;Nicht routinemäßig erforderlich
218;de;Immunologie;4 Immunologie-Empfehlungen;;Gangliosid-GM1-Antikörper;Nicht routinemäßig erforderlich
219;de;Immunologie;4 Immunologie-Empfehlungen;;Gangliosid-GQ1b-Antikörper;Nicht routinemäßig erforderlich
220;de;Immunologie;4 Immunologie-Empfehlungen;;GBM-Antikörper;Alle drei bis sechs Monate während der Behandlung oder häufiger bei Plasmapherese-Therapie
221;de;Immunologie;4 Immunologie-Empfehlungen;;Glycin-Rezeptor-Antikörper;Wiederholte Testung von begrenztem Wert. Häufigkeit durch klinischen Kontext zu bestimmen
222;de;Immunologie;4 Immunologie-Empfehlungen;;Hib-Antikörper;Wiederholte Testung zur Bewertung der Antwort auf Testimmunisierung. Serielle Überwachung von begrenztem Wert
223;de;Immunologie;4 Immunologie-Empfehlungen;;Histon-Antikörper;Nicht routinemäßig erforderlich
224;de;Immunologie;4 Immunologie-Empfehlungen;;IA2-Antikörper;Nicht routinemäßig erforderlich
225;de;Immunologie;4 Immunologie-Empfehlungen;;IgA niedriger Spiegel;Nicht routinemäßig erforderlich
226;de;Immunologie;4 Immunologie-Empfehlungen;;IgE;Nicht routinemäßig erforderlich
227;de;Immunologie;4 Immunologie-Empfehlungen;;IgG niedriger Spiegel;Nicht routinemäßig erforderlich
228;de;Immunologie;4 Immunologie-Empfehlungen;;IgG-Subklassen (1, 2, 3, 4);Nicht routinemäßig erforderlich
229;de;Immunologie;4 Immunologie-Empfehlungen;;IgG4;Wiederholte Testung von begrenztem Wert, obwohl es für Überwachung bei bestimmten Patienten nützlich sein kann
230;de;Immunologie;4 Immunologie-Empfehlungen;;Insulin-Antikörper;Nicht routinemäßig erforderlich
231;de;Immunologie;4 Immunologie-Empfehlungen;;Intrinsic-Factor-Antikörper;Nicht routinemäßig erforderlich
232;de;Immunologie;4 Immunologie-Empfehlungen;;Inselzell-Antikörper;Nicht routinemäßig erforderlich
233;de;Immunologie;4 Immunologie-Empfehlungen;;Leber-Antikörper-Line-Blot, einschließlich M2-PDH;Nicht routinemäßig erforderlich
234;de;Immunologie;4 Immunologie-Empfehlungen;;Leber-Autoantikörper;Wiederholte Testung von begrenztem Wert. Häufigkeit durch klinischen Kontext zu bestimmen
235;de;Immunologie;4 Immunologie-Empfehlungen;;Lymphozyten-Phänotyp CD3, 4, 8, 19, 56;Mit Labor besprechen
236;de;Immunologie;4 Immunologie-Empfehlungen;;Leukozyten-Adhäsionsmoleküle;Mit Labor besprechen
237;de;Immunologie;4 Immunologie-Empfehlungen;;Lymphozyten-Phänotypisierung erweiterte Panel;Mit Labor besprechen
238;de;Immunologie;4 Immunologie-Empfehlungen;;Mastzell-Tryptase;Drei Proben über einen 24-Stunden-Zeitraum zur Bewertung von Anaphylaxie (Resuscitation Council UK-Leitlinien empfehlen dass Proben so nah wie möglich zu Zeitpunkt 0 genommen werden sollen, und 2 Stunden nach Beginn mit einer Baseline-Probe größer als 24 Stunden.) Wiederholte Testung kann bei Mastozytose erforderlich sein. Häufigkeit durch klinischen Kontext zu bestimmen
239;de;Immunologie;4 Immunologie-Empfehlungen;;MPO ANCA;Unter Behandlung: sechs Monate oder häufiger bei Plasmapherese-Therapie Ohne Behandlung: jährlich
240;de;Immunologie;4 Immunologie-Empfehlungen;;Muskelspezifische Kinase-Antikörper;Wiederholte Testung von begrenztem Wert. Häufigkeit durch klinischen Kontext zu bestimmen
241;de;Immunologie;4 Immunologie-Empfehlungen;;MAG-Antikörper;Wiederholte Testung von begrenztem Wert. Häufigkeit durch klinischen Kontext zu bestimmen
242;de;Immunologie;4 Immunologie-Empfehlungen;;MOG-Antikörper;Nicht routinemäßig erforderlich
243;de;Immunologie;4 Immunologie-Empfehlungen;;Myositis-Antikörper-Profil;Wiederholte Testung von begrenztem Wert. Häufigkeit durch klinischen Kontext zu bestimmen
244;de;Immunologie;4 Immunologie-Empfehlungen;;Neutrophile zytoplasmatische Antikörper;Unter Behandlung: sechs Monate oder häufiger bei Plasmapherese-Therapie Ohne Behandlung: jährlich
245;de;Immunologie;4 Immunologie-Empfehlungen;;Neutrophile oxidativer Burst;Mit Labor besprechen
246;de;Immunologie;4 Immunologie-Empfehlungen;;NMDA-Rezeptor-Antikörper CSF;Wiederholte Testung von begrenztem Wert. Häufigkeit durch klinischen Kontext zu bestimmen
247;de;Immunologie;4 Immunologie-Empfehlungen;;NMDA-Rezeptor-Antikörper Serum;Wiederholte Testung von begrenztem Wert. Häufigkeit durch klinischen Kontext zu bestimmen
248;de;Immunologie;4 Immunologie-Empfehlungen;;Ovarial-Antikörper;Nicht routinemäßig erforderlich
249;de;Immunologie;4 Immunologie-Empfehlungen;;Paraneoplastisches Antikörper-Profil;Nicht routinemäßig erforderlich
250;de;Immunologie;4 Immunologie-Empfehlungen;;Paraprotein (monoklonale Bande) Quantifizierung;Drei Monate4 Immunologie-Empfehlungen
270;de;Immunologie;4 Immunologie-Empfehlungen;;Tetanus-Antikörper;Wiederholte Testung zur Bewertung der Antwort auf Testimmunisierung. Serielle Überwachung von begrenztem Wert
271;de;Immunologie;4 Immunologie-Empfehlungen;;tIgE;Wiederholte Testung von begrenztem Wert. Häufigkeit durch klinischen Kontext zu bestimmen
272;de;Immunologie;4 Immunologie-Empfehlungen;;Schilddrüsenperoxidase-Antikörper;Nicht routinemäßig erforderlich
273;de;Immunologie;4 Immunologie-Empfehlungen;;T-Lymphozyten-Subset CD3, 4, 8;Mit Labor besprechen
274;de;Immunologie;4 Immunologie-Empfehlungen;;tTg IgA-Antikörper;IgA tTG kann zur Überwachung der Antwort auf eine glutenfreie Diät verwendet werden Nachtestung nach sechs bis zwölf Monaten abhängig vom Vorbehandlungswert
275;de;Immunologie;4 Immunologie-Empfehlungen;;tTg IgG-Antikörper;Nachtestung nach sechs bis zwölf Monaten Nur bei IgA-defizienten Patienten
276;de;Immunologie;4 Immunologie-Empfehlungen;;Urin-Elektrophorese;Nicht routinemäßig erforderlich
277;de;Immunologie;4 Immunologie-Empfehlungen;;Urin-freie Leichtketten-Quantifizierung;Wiederholte Testung von begrenztem Wert. Häufigkeit durch klinischen Kontext zu bestimmen
278;de;Immunologie;4 Immunologie-Empfehlungen;;VGCC-Antikörper;Wiederholte Testung von begrenztem Wert. Häufigkeit durch klinischen Kontext zu bestimmen
279;de;Immunologie;4 Immunologie-Empfehlungen;;VGKC-Antikörper CSF;Wiederholte Testung von begrenztem Wert. Häufigkeit durch klinischen Kontext zu bestimmen
280;de;Immunologie;4 Immunologie-Empfehlungen;;VGKC-Antikörper Serum;Wiederholte Testung von begrenztem Wert. Häufigkeit durch klinischen Kontext zu bestimmen
281;de;Mikrobiologie;5.1 Allgemeine Mikrobiologie;;AFB-Mikroskopie und Kultur;Nicht zutreffend
282;de;Mikrobiologie;5.1 Allgemeine Mikrobiologie;;Antrum-Spülungen;Sieben Tage
283;de;Mikrobiologie;5.1 Allgemeine Mikrobiologie;;ASO-Titer;14 Tage
284;de;Mikrobiologie;5.1 Allgemeine Mikrobiologie;;Aspirate und Flüssigkeiten aus sterilen Stellen;Nicht zutreffend
285;de;Mikrobiologie;5.1 Allgemeine Mikrobiologie;;Blutkultur;Nicht zutreffend
286;de;Mikrobiologie;5.1 Allgemeine Mikrobiologie;;Borrelia burgdorferi (Lyme);14 Tage
287;de;Mikrobiologie;5.1 Allgemeine Mikrobiologie;;CSF;Nicht zutreffend
288;de;Mikrobiologie;5.1 Allgemeine Mikrobiologie;;Chlamydien NAAT;Nicht zutreffend
289;de;Mikrobiologie;5.1 Allgemeine Mikrobiologie;;GC NAAT;14 Tage
290;de;Mikrobiologie;5.1 Allgemeine Mikrobiologie;;CFT;14 Tage
291;de;Mikrobiologie;5.1 Allgemeine Mikrobiologie;;Husten-Abstrich;Sieben Tage
292;de;Mikrobiologie;5.1 Allgemeine Mikrobiologie;;CSF für molekulare Untersuchung, z.B. Meningokokken;Nicht zutreffend
293;de;Mikrobiologie;5.1 Allgemeine Mikrobiologie;;CSF-Mikroskopie und Kultur;Nicht zutreffend
294;de;Mikrobiologie;5.1 Allgemeine Mikrobiologie;;Medikamentenüberwachung: Glykopeptide (Vancomycin, Teicoplanin, etc.);24 Stunden
295;de;Mikrobiologie;5.1 Allgemeine Mikrobiologie;;Medikamentenüberwachung: Aminoglykosid (Gentamicin, Amikacin, etc.) Hinweis: dies gilt nur für einmal tägliche Dosierung. Falls Patient mehrere Dosen pro Tag erhält bitte lokale Leitlinien konsultieren;24 Stunden
296;de;Mikrobiologie;5.1 Allgemeine Mikrobiologie;;Ohren-Abstrich;Sieben Tage
297;de;Mikrobiologie;5.1 Allgemeine Mikrobiologie;;Ohren-/Nasen- und Rachen-Abstrich;Sieben Tage
298;de;Mikrobiologie;5.1 Allgemeine Mikrobiologie;;Endozervikaler Abstrich;Nicht zutreffend
299;de;Mikrobiologie;5.1 Allgemeine Mikrobiologie;;Augen-Abstrich am selben Auge;Sieben Tage
300;de;Mikrobiologie;5.1 Allgemeine Mikrobiologie;;Fäzes – Clostridium difficile;Wiederholte Testung nach einer ersten positiven Probe während derselben Durchfall-Episode wird in endemischer Situation nicht empfohlen Wiederholte Testung nach einer ersten negativen Probe während derselben Durchfall-Episode kann in ausgewählten Fällen mit anhaltendem klinischem Verdacht während epidemischer Situation oder in Fällen mit hohem klinischem Verdacht während endemischer Situationen nützlich sein Abhängig vom Ergebnis: Bestätigt positiv: 28 Tage Zweifelhaft*: 24 Stunden Negativ: 24 Stunden Ein Heilungstest wird nicht empfohlen *GDH positiv/Toxin negativ
301;de;Mikrobiologie;5.1 Allgemeine Mikrobiologie;;Fäzes – Eier, Zysten und Parasiten;24 Stunden
302;de;Mikrobiologie;5.1 Allgemeine Mikrobiologie;;Fäzes – Routine;Sieben Tage
303;de;Mikrobiologie;5.1 Allgemeine Mikrobiologie;;Genital-Abstrich (nur GC);14 Tage falls Symptome nach Behandlung bestehen (siehe auch M-9)
304;de;Mikrobiologie;5.1 Allgemeine Mikrobiologie;;Genital-Abstrich Mikroskopie und Kultur;Nicht zutreffend
305;de;Mikrobiologie;5.1 Allgemeine Mikrobiologie;;Helicobacter pylori – negative Serologie;28 Tage306
307;de;Mikrobiologie;5.1 Allgemeine Mikrobiologie;;Hoher Vaginal-Abstrich;Nicht zutreffend
308;de;Mikrobiologie;5.1 Allgemeine Mikrobiologie;;IUCD;Nicht zutreffend
309;de;Mikrobiologie;5.1 Allgemeine Mikrobiologie;;IUCD für Actinomyces;Nicht zutreffend
310;de;Mikrobiologie;5.1 Allgemeine Mikrobiologie;;Gelenkflüssigkeiten, Mikroskopie und Kultur;Nicht zutreffend
311;de;Mikrobiologie;5.1 Allgemeine Mikrobiologie;;Mund-Abstrich;Sieben Tage
312;de;Mikrobiologie;5.1 Allgemeine Mikrobiologie;;MRSA-Screening;Sieben Tage
313;de;Mikrobiologie;5.1 Allgemeine Mikrobiologie;;MRSA nach Eradikationstherapie;48 Stunden
314;de;Mikrobiologie;5.1 Allgemeine Mikrobiologie;;Nur M. pneumoniae;"14 Tage (falls CFT-Antikörper getestet; falls PCR verwendet keine Wiederholung) Beim Testen auf Mycoplasma IgM sollte eine zweite Probe sieben bis zehn Tage nach einem negativen Ergebnis genommen werden falls die erste Probe früh in der Krankheit genommen wurde"
315;de;Mikrobiologie;5.1 Allgemeine Mikrobiologie;;Nasen-Abstrich;Sieben Tage
316;de;Mikrobiologie;5.1 Allgemeine Mikrobiologie;;Nasopharyngeales Aspirat;Sieben Tage
317;de;Mikrobiologie;5.1 Allgemeine Mikrobiologie;;PD-Flüssigkeiten, Mikroskopie und Kultur;Nicht zutreffend
318;de;Mikrobiologie;5.1 Allgemeine Mikrobiologie;;Peritonealflüssigkeit;Nicht zutreffend
319;de;Mikrobiologie;5.1 Allgemeine Mikrobiologie;;Pernasaler Abstrich (für Pertussis);Nicht zutreffend
320;de;Mikrobiologie;5.1 Allgemeine Mikrobiologie;;Pernasale Abstriche;Sieben Tage
321;de;Mikrobiologie;5.1 Allgemeine Mikrobiologie;;Pleuraerguss/Thoraxflüssigkeiten;Nicht zutreffend
322;de;Mikrobiologie;5.1 Allgemeine Mikrobiologie;;Pleuraflüssigkeit;Nicht zutreffend
323;de;Mikrobiologie;5.1 Allgemeine Mikrobiologie;;Pneumocystis jirovecii (DIF/PCR);Nicht zutreffend
324;de;Mikrobiologie;5.1 Allgemeine Mikrobiologie;;Eiter-Abstrich;Drei Tage oder einmal pro Drainage-Episode
325;de;Mikrobiologie;5.1 Allgemeine Mikrobiologie;;Eiter/Exsudat;Nicht zutreffend
326;de;Mikrobiologie;5.1 Allgemeine Mikrobiologie;;Samenflüssigkeit;28 Tage
327;de;Mikrobiologie;5.1 Allgemeine Mikrobiologie;;Haut, Nagel und Haar für Mykologie;Drei Monate
328;de;Mikrobiologie;5.1 Allgemeine Mikrobiologie;;Sputum (dies schließt TB-Untersuchung aus, siehe M-56);Drei Tage
329;de;Mikrobiologie;5.1 Allgemeine Mikrobiologie;;Syphilis;14 Tage nach negativem Ergebnis bei risikobehafteter Person Für Behandlungsantwort, Rapid-Plasma-Regain (RPR) dreimal monatlich testen
330;de;Mikrobiologie;5.1 Allgemeine Mikrobiologie;;Rachen-Abstrich;Abhängig vom Ergebnis: Positiv: sieben Tage Negativ: drei Tage
331;de;Mikrobiologie;5.1 Allgemeine Mikrobiologie;;Gewebe-/Knochen-Mikroskopie und Kultur;Nicht zutreffend
332;de;Mikrobiologie;5.1 Allgemeine Mikrobiologie;;Gewebe und Biopsien;Nicht zutreffend
333;de;Mikrobiologie;5.1 Allgemeine Mikrobiologie;;Toxoplasma IgG-Screening negativ;Sieben Tage
334;de;Mikrobiologie;5.1 Allgemeine Mikrobiologie;;Toxoplasma IgG-Screening positiv;Niemals
335;de;Mikrobiologie;5.1 Allgemeine Mikrobiologie;;Tuberkulose;Nicht zutreffend
336;de;Mikrobiologie;5.1 Allgemeine Mikrobiologie;;Urethral-Abstrich;Nicht zutreffend
337;de;Mikrobiologie;5.1 Allgemeine Mikrobiologie;;Urin für Tuberkulose;Nicht zutreffend
338;de;Mikrobiologie;5.1 Allgemeine Mikrobiologie;;Urin, Mikroskopie und Kultur;Drei Tage
339;de;Mikrobiologie;5.1 Allgemeine Mikrobiologie;;Wund- und Ulkus-Abstrich;Sieben Tage
340;de;Mikrobiologie;5.1 Allgemeine Mikrobiologie;;Aspergillus GM (Bio-Rad Platelia Aspergillus ELISA);Zweimal wöchentliches serielles Screening für Blut-GM bei Hochrisiko-Hämatologie-Patienten*: • einzelne negative Probe kann zum Ausschluss von IA verwendet werden • zwei aufeinanderfolgende positive Proben bieten guten positiven Vorhersagewert • Reduktion des GM-Index während der ersten zwei Wochen der antimykotischen Therapie ist ein zuverlässiger Prädiktor für Behandlungsantwort Diagnostisches GM bei BAL ist der sensitivste Test *Neutropenische Patienten und allogene Stammzelltransplantations-Empfänger während der frühen Anwachsphase, die nicht unter schimmelaktiver antimykotischer Prophylaxe oder Behandlung stehen
341;de;Mikrobiologie;5.1 Allgemeine Mikrobiologie;;BDG;Zweimal wöchentliches Screening für schwer kranke Intensivstation-Patienten und Patienten mit hämatologischen Malignomen und nach allogener hämatopoetischer Stammzelltransplantation: • einzelne negative Probe kann zum Ausschluss der Diagnose der meisten invasiven Pilzinfektionen verwendet werden (bemerkenswerte Ausnahmen sind Mukormykose-Infektionen, Kryptokokkose, einige dimorphe Pilze und andere seltene Pilze) Wiederholung positiver BDG-Ergebnisse ist klinisch nicht hilfreich da es mehrere Wochen dauern kann bis es aus dem System verschwindet
342;de;Virologie;6 Virologie-Empfehlungen;;Mütterliche HIV-Infektion;"Nicht gestilltes Säugling Säuglingsblut (EDTA) für HIV-provirale DNA-PCR testen: • während der ersten 48 Stunden • nach zwei Wochen (bei hohem Risiko*) • nach sechs Wochen (oder zwei Wochen nach Beendigung der Prophylaxe) • nach 12 Wochen (oder acht Wochen nach Beendigung der Prophylaxe) Bei anderen Gelegenheiten falls zusätzliches Risiko: • HIV Ag/Ab auf Seroreversion nach 18–24 Monaten testen Gestilltes Säugling Säuglingsblut (EDTA) für HIV-provirale DNA-PCR testen: • während der ersten 48 Stunden • nach zwei Wochen • monatlich für die Dauer des Stillens • nach vier und acht Wochen nach Beendigung des Stillens Bei anderen Gelegenheiten falls zusätzliches Risiko: • HIV Ag/Ab auf Seroreversion nach 18–24 Monaten testen *Hohes Risiko bedeutet nachweisbare mütterliche HIV-RNA-Virämie nach 36 Wochen und bei Geburt)ägt werden)"""
349;de;Virologie;6 Virologie-Empfehlungen;;Nierenversagen – verstärkte Überwachung für die mit mittlerem/hohem Risiko für neue BBV nach Dialyse im Ausland (alle BBV-Tests) oder falls eine neue BBV-Infektion in der HD-Einheit identifiziert wird (nur für die spezifische BBV-Infektion) Für HCV;HCV-RNA-PCR oder HCV-Antigen oder HCV-Antigen/Antikörper alle zwei Wochen für drei Monate testen
350;de;Virologie;6 Virologie-Empfehlungen;;Nierenversagen – verstärkte Überwachung für die mit mittlerem/hohem Risiko für neue BBV nach Dialyse im Ausland (alle BBV-Tests) oder falls eine neue BBV-Infektion in der HD-Einheit identifiziert wird (nur für die spezifische BBV-Infektion) Für HBV;HBsAg oder HBV-PCR alle zwei Wochen für drei Monate testen (unabhängig vom Anti-HBs-Spiegel)
351;de;Virologie;6 Virologie-Empfehlungen;;Nierenversagen – verstärkte Überwachung für die mit mittlerem/hohem Risiko für neue BBV nach Dialyse im Ausland (alle BBV-Tests) oder falls eine neue BBV-Infektion in der HD-Einheit identifiziert wird (nur für die spezifische BBV-Infektion) Für HIV;HIV Ag/Ab oder HIV-RNA-PCR alle zwei Wochen für drei Monate testen (nur bei Risiko nach Dialyse außerhalb der Basis)
352;de;Virologie;6 Virologie-Empfehlungen;;Potentielle signifikante Exposition gegenüber HBsAg-positivem Material, Hepatitis-B-empfänglich;Risiko und Empfänger-HBV-Immunität bewerten Baseline-Blut zur Lagerung vom Empfänger sammeln Mit HBV-Impfstoff ± HBIG entsprechend dem Szenario intervenieren HBsAg nach drei Monaten testen HBsAg, Anti-HBc nach sechs Monaten testen Anti-HBs ein bis zwei Monate nach Impfkurs testen
353;de;Virologie;6 Virologie-Empfehlungen;;Potentielle signifikante Exposition gegenüber HIV-positivem Material aber keine Post-Expositions-Prophylaxe gegeben (Hinweis: falls der Empfänger PREP nimmt dann beachten dass dies die HIV Ag/Ab-Antworten verändern kann und der Fall sollte mit einem Facharzt für Virologie besprochen werden);Baseline-Blut zur Lagerung sammeln Falls der Arbeitsmedizin (OH) exponiert, besagt die Leitlinie dass minimale Testung ein HIV Ag/Ab-Test 12 Wochen nach Exposition sein sollte. Jedoch kann frühere Testung zusätzlich dazu falls erforderlich auftreten (vier Wochen nach Exposition) In nicht-arbeitsmedizinischer Umgebung sollte die BASHH-Leitlinie befolgt werden die besagt dass ein negativer HIV Ag/Ab-Test bei einem Viertgenerations-Assay durchgeführt 4 Wochen nach Exposition wahrscheinlich HIV-Infektion ausschließt. Ein weiterer Test 8 Wochen nach Exposition muss nur nach einem Ereignis erwogen werden das als hohes Infektionsrisiko bewertet wird
354;de;Virologie;6 Virologie-Empfehlungen;;Potentielle signifikante Exposition gegenüber HIV-positivem Material und Post-Expositions-Prophylaxe gegeben;Baseline-Blut zur Lagerung sammeln Die DOH OH-Leitlinie besagt dass minimale Testung ein HIV Ag/Ab-Test 12 Wochen nach Beendigung der PEP sein sollte Zusätzlich kann ein früherer Test ebenfalls durchgeführt werden (vier bis sechs Wochen nach Beendigung der PEP)
355;de;Virologie;6 Virologie-Empfehlungen;;Potentielle signifikante Exposition gegenüber HCV-positivem Material;Nach sechs Wochen durch HCV-RNA-PCR und durch sowohl HCV-RNA-PCR als auch Anti-HCV nach 12 Wochen testen Falls negativ, nach 24 Wochen nur mit Anti-HCV testen
